AEROSPC1A,Found Us Air Force,Christopher M. Carroll
AEROSPC2A,Evolut Of Air Power,Christopher M. Carroll
AFRICAMR1A,Fresh Composition,Aparajita Nanda
AFRICAMR1B,Freshmn Composition,Aparajita Nanda
AFRICAM4A,Africa:  Hist & Cul,G. Ugo NWOKEJ
AFRICAM5A,Afam Life & Cul U S,Brandi N. Catanese
AFRICAM27AC,Lives/Strug/Maj Cul,Michael M. Cohen
AFRICAM30A,Elementary Chichewa,Sam A Mchombo
AFRICAM31A,Intermed Chichewa,Sam A Mchombo
AFRICAM100,Black Intllctl Thgh,Leigh Raiford
AFRICAM111,Race Class Gen U S,Stephen A Small
AFRICAM114,Ling Strtr Bnt Lang,Sam A Mchombo
AFRICAM116,Slavery And African,Ula Yvette Taylor
AFRICAM123,Social & Political,Stephen A Small
AFRICAM134,Info Tech And Soc,Michel S Laguerre
AFRICAMC134,Info Tech And Soc,Michel S Laguerre
AFRICAM139,Sel Top:Africam Soc,Nikki Jones
AFRICAM159,Spec Top Afam Lit,Aya De Leon
AFRICAM159,Spec Top Afam Lit,Chiyuma Elliott
AMERSTD10,Intro American Stdy,Christine Palmer
AMERSTD10,Intro American Stdy,Justin Gomer
AMERSTD101,Us Cultures In Time: Play,Christine Palmer
AMERSTD101,Us Cultures In Time,Mark Brilliant
AMERSTD101,Us Cultures In Time,Kathleen S Moran
AMERSTD102,Us Cultures/Place,Justin Gomer
AMERSTDC111E,Topics In Amer Stud,Donald Anthony Mcquade
AMERSTDC134,Info Tech And Soc,Michel S Laguerre
AMERSTDC152,Native American Lit,Beth Piatote
AMERSTDC171,Amer Dsgn Land 1850,Louise A Mozingo
ANTHRO1,Intro To Bio Anthro,Lisa A. Maher
ANTHRO2AC,Intro Archaeology,Kent G Lightfoot
ANTHRO3AC,Intro Soc/Cult Ac,James Holston
ANTHROR5B,Reading & Comp,Corinne P Hayden
ANTHROR5B,Reading & Comp,Corinne P Hayden
ANTHROR5B,Reading & Comp,Corinne P Hayden
ANTHROR5B,Reading & Comp,Corinne P Hayden
ANTHRO107,Evol Hum Brain,Terrence W. Deacon
ANTHRO114,Hist/Anthro Thought,Charles Kendal Hirschkind
ANTHRO115,Intro Med Anthro,Nancy Scheper-Hughes
ANTHRO121C,Hist Artifact/Analy,Laurie A Wilkie
ANTHRO122A,Archaeol No Amer,Jun U. Sunseri
ANTHROC125A,Arch East Asia,Junko Habu
ANTHRO127A,Skltl Bio & Bioarch,Sabrina C Agarwal
ANTHRO135,Paleoethnobotany,Christine Hastorf
ANTHRO136F,Cult Heritage Media,Rosemary Joyce
ANTHRO136G,Cultural Policy,Rosemary Joyce
ANTHRO138A,Ethnog Film History,Daniel T. Fisher
ANTHRO141,Comparative Society,Aihwa Ong
ANTHRO150,Utopia: Art & Power,Alexei Yurchak
ANTHRO155,Modernity,Paul M Rabinow
ANTHRO157,Anthropology Of Law,Laura Nader
ANTHRO169C,Ling Anthr Method,William F Hanks
ANTHRO189,Spec Top:Soc/Cult,Xin Liu
ANTHRO189,Spec Top:Soc/Cult,Karen Nakamura
ARABIC100A,Advanced Arabic,Haitham S. Mohamed
ARABIC100A,Advanced Arabic,Elsa Elmahdy
ARABIC108,Islam & Phil Texts,John L Hayes
ARABIC111A,Survey Of Arab Lit,Ahmad Diab
ARCH11A,Intro Vis Rep Draw,Darell W Fields
ARCH100A,Fund Of Arch Design,Lisa M. Iwamoto
ARCH110AC,Soc/Cult Bas Dsgn,Galen L Cranz
ARCH130,Intr Arch Des Th/Cr,C Greig Crysler
ARCH150,Intro To Structures,R.Gary Black
ARMENI101A,Continuing Armenian,Hasmig Seropian
ART8,Intro Vis Thinking,John S Mcnamara
ART12,Lang Of Draw,Craig K Nagasawa
ART13,Lang Of Painting,John S Mcnamara
ART14,Lang Of Sculpture,Randy M Hussong
ART15,Lang Sculp:Ceram,Erik Scollon
ART16,Intro Printmaking,Randy M Hussong
ART21,Digital Photography,Allan Desouza
ART102,Approaches To Ptng,Katherine D Sherwood
ART102,Approaches To Ptng,Michael J Hall
ART117,Drawing Composition,Craig K Nagasawa
ART119,Gpca,Jenifer K. Wofford
ART120,App To Prntmg Intag,Randy M Hussong
ART132,App To Sculp Ceram,Stacy Jo Scott
ART163,Social Practice,Stephanie Syjuco
ART164,Art And Meditation,Azin Seraj
ART164,Art And Meditation,Katherine D Sherwood
ART171,Digital Video,Nathan Kwame Braun
ART173,Sound Art,Christopher S. Kubick
ART185,Sn Projects,Indira M. Morre
ASAMSTR2A,Reading&Composition,Anna P Leong
ASAMSTR2A,Reading&Composition,Anna P Leong
ASAMSTR2B,Reading&Composition,Anna P Leong
ASAMSTR2B,Reading&Composition,Anna P Leong
ASAMST20A,Intro Asian Am Hist,Christopher V. Chua
ASAMST121,Chinese Amer Hist,Harvey C Dong
ASAMST122,Japanese Amer Hist,Lisa Hirai Tsuchitani
ASAMST124,Filipino Amer Hist,Catherine Ceniza Choy
ASAMST125,Issues Of Se Asians,Khatharya Um
ASAMST128AC,Muslims In America,Hatem Ahmad Bazian
ASAMST138,Topics Asn Pop Cult,Hannah B Michell
ASAMST141,Law In Asam Commun,Thomas M Fleming
ASAMST165,Res Method Asian,Khatharya Um
ASAMST172,Asian Amer Lit,Fae M. Ng
ASIANST10,Intro To Asia,Crystal Chang Cohen
ASIANST150,Special Topics,Keiko Yamanaka
ASTRON7A,Intro Astrophysics,Mariska T. Kriek
ASTRONC10,General Astronomy,Alexei V Filippenko
ASTRONC13,Origins Big Bang,Charles Marshall
ASTRONC13,Origins Big Bang,Eliot Quataert
ASTRON160,Stellar Physics,Eliot Quataert
ASTRONC162,Planetary Astrophys,Imke De Pater
BIOENG10,Intro/Biomed Engin,Terry D Johnson
BIOENG100,Ethics In Sci &,Michael Yartsev
BIOENG102,Biomech Anal & Dsgn,Mohammad Mofrad
BIOENG103,Engineering Molecul,Teresa Head-Gordon
BIOENG114,Cell Engineering,Irina M Conboy
BIOENG115,Cell Bio For Eng,Hayley J. Lam
BIOENGC119,Orthop Biomech,Tony M Keaveny
BIOENG121L,Biomems Bionano Lab,Dorian Liepmann
BIOENG124,Basic Prin Drug,Niren Murthy
BIOENGC125,Intro To Robotics,Sosale Shankar Sastry
BIOENGC125,Intro To Robotics,Ruzena Bajcsy
BIOENG131,Intro To Comp Mcb,Ian H. Holmes
BIOENG147,Prin Of Syn Bio,Adam P Arkin
BIOENG148,Bio Chem Syn Bio,John Eugene Dueber
BIOENG150,Intro To Bio & Bion,Seung-Wuk Lee
BIOENG163,Prin Of Molec & Cel,Gerard Marriott
BIOENGC165,Med Img Sig & S,Steven Conolly
BIOENG192,Sr Design Project,Amy E. Herr
BIOLOGY1A,General Biology Lec,Anastasios Melis
BIOLOGY1A,General Biology Lec,Matthew D Welch
BIOLOGY1A,General Biology Lec,Robert L Fischer
BIOLOGY1A,General Biology Lec,Michael Ray Meighan
BIOLOGY1AL,General Biology Lab,Michael Ray Meighan
BIOLOGY1AL,General Biology Lab,Gian Garriga
BIOLOGY1B,General Biology,Robert Dudley
BIOLOGY1B,General Biology,David D. Ackerly
BIOLOGY1B,General Biology,Ellen L Simms
BOSCRSR27A,Intro Bos/Croa/Serb,Ronelle Alexander
BOSCRSR117A,Con Bosn/Croat/Serb,Ronelle Alexander
BUDDSTDC50,Intro To Buddhism,Robert H. Sharf
BUDDSTDC114,Tibetan Buddhism,Jann M Ronis
BUDDSTDC120,Buddhsm-Silk Road,Sanjyot Mehendale
BUDDSTD150,Buddhist Art S Asia,Brian Baumann
BURMESE1A,Intro Burmese,Kenneth Wong
BURMESE1A,Intro Burmese,Kenneth Wong
CATALAN102,Catalan Readings,Ana Belen Redondo Campillos
CELTICR1B,Voices/Celtic World,Dara Hellman
CELTICR1B,Voices/Celtic World,Thomas Walsh
CELTIC16,Intro Modern Welsh,Kathryn A Klar
CELTIC70,World Of The Celts,Daniel F Melia
CELTIC128,Med Celtic Culture,Dara Hellman
CELTIC138,Irish Literature,Thomas Walsh
CELTIC145A,Intermediate Irish,Edward Stack
CHEM1A,General Chemistry,Martin Head-Gordon
CHEM1A,General Chemistry,Teresa Head-Gordon
CHEM1A,General Chemistry,Martin Head-Gordon
CHEM1A,General Chemistry,Angelica M Stacy
CHEM1AL,General Chem Lab,Michelle Douskey
CHEM1AL,General Chem Lab,Michelle Douskey
CHEM1AL,General Chem Lab,Michelle Douskey
CHEM3A,Chem Struct React,Steven F Pedersen
CHEM3A,Chem Struct React,Steven F Pedersen
CHEM3AL,Organic Chem Lab,Maryann T. Robak
CHEM3AL,Organic Chem Lab,Maryann T. Robak
CHEM3B,Chem Struct React,Peter C. Marsden
CHEM3B,Chem Struct React,Peter C. Marsden
CHEM3BL,Organic Chem Lab,Ming Ming Chen Hammond
CHEM3BL,Organic Chem Lab,Ming Ming Chen Hammond
CHEM4A,Gen Chm Quant Analy,Ke Xu
CHEM4A,Gen Chm Quant Analy,Tanja Cuk
CHEM15,Bio/Analytical Chem,Daniel M Neumark
CHEM103,Inorg Chem Bio,Christopher Chang
CHEM104A,Adv Inorganic Chem,T Don Tilley
CHEM108,Inorganic Synthesis,Richard A Andersen
CHEMC110L,Biochem & Molbi,Isabelle Le Blanc
CHEMC110L,Biochem & Molbi,Andreas Martin
CHEM112A,Organic Chemistry,Anne M. Baranger
CHEM113,Adv Mech Organ Chem,Felix Raoul Fischer
CHEM115,Organic Chemistry,Dean Toste
CHEM120A,Physical Chemistry,Eric William Neuscamman
CHEM120B,Physical Chemistry,Phillip Lewis Geissler
CHEM125,Phys Chem Lab,Stephen R. Leone
CHEMC130,Biophysical Chem,David F Savage
CHEMC130,Biophysical Chem,John Kuriyan
CHEM135,Chemical Biology,Evan W Miller
CHEM143,Nuclear Chemistry,Luciano G Moretto
CHEMC178,Polymer Sci & Tech,Susan J Muller
CHEM195,Special Topics,Marcin M Majda
CHICANO20,Intro Chicano Cult,Raul Coronado
CHICANO130,Mex Chic Art Hist,Celia H Rodriguez
CHICANO135A,Latino Film To 1980,Raymond Telles
CHICANO180,Topics In Chic Stud,Celia H Rodriguez
CHINESE1A,Elementary Chinese,Chen-hui Tsai
CHINESE1A,Elementary Chinese,Chen-hui Tsai
CHINESE1A,Elementary Chinese,Chen-hui Tsai
CHINESE1A,Elementary Chinese,Chen-hui Tsai
CHINESE1A,Elementary Chinese,Chen-hui Tsai
CHINESE1A,Elementary Chinese,Chen-hui Tsai
CHINESE1A,Elementary Chinese,Chen-hui Tsai
CHINESE1A,Elementary Chinese,Chen-hui Tsai
CHINESE1A,Elementary Chinese,Chen-hui Tsai
CHINESE1X,Elem Chinese Mandar,Li Liu
CHINESE1X,Elem Chinese Mandar,Li Liu
CHINESE1Y,Elem Chinese Dialec,Hsinyu Lin
CHINESE1Y,Elem Chinese Dialec,Hsinyu Lin
CHINESE1Y,Elem Chinese Dialec,Hsinyu Lin
CHINESE7A,Premod Chinese Lit,Paula M. Varsano
CHINESE10A,Inter Chinese,Xianghua Wu
CHINESE10A,Inter Chinese,Xianghua Wu
CHINESE10A,Inter Chinese,Xianghua Wu
CHINESE100A,Advanced Chinese,Lihua Zhang
CHINESE100XA,Adv Chinese Mandar,Chunhong Xie
CHINESE100XA,Adv Chinese Mandar,Chunhong Xie
CHINESE100YA,Adv Chinese Dialect,Chunhong Xie
CHINESE102,4th Yr Read-Soc/His,I-Hao Li
CHINESE102,4th Yr Read-Soc/His,I-Hao Li
CHINESE110A,Literary Chinese,Paula M. Varsano
CHINESE111,Fifth-Yr: Adv Texts,I-Hao Li
CHINESE153,Reading Taiwan,Lanchih Po
CHINESE156,Modern Chinese Lit,Andrew F Jones
CHINESE172,Contemporary Cinema,Weihong Bao
CHINESE186,Confucius & Int,Mark A. Csikszentmihalyi
CHMENG40,Intro Ch E Design,Marjorie Went
CHMENG140,Chem Proc Analysis,David B Graves
CHMENG140,Chem Proc Analysis,Jeffrey A Reimer
CHMENG142,Chem Kin React Eng,Alexander Katz
CHMENG143,Comp Methods,Ali Mesbah
CHMENG143,Comp Methods,Ravindra S. Upadhye
CHMENG150B,Trans & Separa,Alexis T Bell
CHMENG154,Chem Eng Laboratory,Markita Landry
CHMENG160,Chem Process Design,P. Henrik Wallman
CHMENG162,Dyn Contr Chem Proc,Nitash P Balsara
CHMENG170A,Biochemical Engin,Wenjun Zhang
CHMENG176,Electrochem Process,Bryan David Mccloskey
CHMENGC178,Polymer Sci & Tech,Susan J Muller
CHMENG179,Solid State Devices,Roya Maboudian
CHMENG180,Chem Eng Economics,Gregory R Schoofs
CHMENG185,Tech Communication,Marjorie Went
CIVENGC30,Intro Solid Mechncs,Tarek I Zohdi
CIVENGC30,Intro Solid Mechncs,Shaofan Li
CIVENG60,Civil Engrg Matls,Paulo J Monteiro
CIVENG70,Engineering Geology,Steven D Glaser
CIVENG92,Intr Civil Env Engr,James W III Rector
CIVENG93,Engrg Data Analysis,Mark Hansen
CIVENG100,Elem Fluid Mechanic,Evan A. Variano
CIVENG105,Env Fluid Mech Des,Sally E Thompson
CIVENG105,Env Fluid Mech Des,Sally E Thompson
CIVENG111,Environmental Engin,Kara L Nelson
CIVENG111L,Wat & Air Qual,Kara L Nelson
CIVENG115,Water Chemistry,David L Sedlak
CIVENG121,Adv Struct Analysis,Filippos Filippou
CIVENG122N,Design Steel Struct,Abolhassan Astaneh-Asl
CIVENG165,Concrete Mat/Cons,Paulo J Monteiro
CIVENG167,Eng Project Mgmt,Iris D Tommelein
CIVENG175,Geot Geoenv Engrg,Jonathan D Bray
CIVENGC178,Applied Geophysics,James W III Rector
CIVENG186,Cyb Phys Design,Scott J. Moura
CIVENG191,Cee System Analysis,Alexandre M. Bayen
CIVENG192,Art/Sci Of Practice,Robert A Harley
CLASSIC10A,Intro Greek Civ,Mark Griffith
CLASSIC17A,Elem Greek Arch,Kim S. Shelton
CLASSIC36,Greek Philosophy,Sara Magrin
CLASSICR44,Roots Western Civ,Trevor M Murphy
CLASSICR44,Roots Western Civ,Giovanni R F Ferrari
CLASSIC130,Topics: Roman Mummy Portraits,Christopher H. Hallett
CLASSIC130,Topics,Trevor M Murphy
CLASSIC163,Topic Greek Philos,Sara Magrin
COGSCI1,Intro To Cogsci,Terrance Philip Regier
COGSCIC100,Issues In Cognition,Tania Lombrozo
COGSCIC127,Cognitive Neurosci,Richard Ivry
COGSCI131,Comp Models Of Cog,Thomas Griffiths
COLWRITW1,Grm&Vocab Writ Engl,Margi Wald
COMLITR1A,Engl Comp World Lit,Victoria Kahn
COMLITR1A,Engl Comp World Lit,Victoria Kahn
COMLITR1A,Engl Comp World Lit,Victoria Kahn
COMLITR1A,Engl Comp World Lit,Victoria Kahn
COMLITR1B,Engl Comp World Lit,Victoria Kahn
COMLITR1B,Engl Comp World Lit,Victoria Kahn
COMLITR1B,Engl Comp World Lit,Victoria Kahn
COMLITR1B,Engl Comp World Lit,Victoria Kahn
COMLITR1B,Engl Comp World Lit,Victoria Kahn
COMLITR1B,Engl Comp World Lit,Victoria Kahn
COMLITR1B,Engl Comp World Lit,Victoria Kahn
COMLITR1B,Engl Comp World Lit,Victoria Kahn
COMLITR1B,Engl Comp World Lit,Victoria Kahn
COMLITR1B,Engl Comp World Lit,Victoria Kahn
COMLITR1B,Engl Comp World Lit,Victoria Kahn
COMLIT20,Literary Cultures,Michael Lucey
COMLIT100,Intro To Comp Lit,Leslie V Kurke
COMLIT100,Intro To Comp Lit,Anne Nesbet
COMLIT112A,Mod Greek Lang Comp,Marie Kotzamanidou Menke
COMLIT155,The Modern Period,Harsha Ram
COMLIT171,Modern Greek Lit,Marie Kotzamanidou Menke
COMLIT190,Senior Seminar,Judith P Butler
COMLIT190,Senior Seminar,Anne-Lise Francois
COMPSCI10,Beauty Joy Computng,Daniel D Garcia
COMPSCI61A,Str Interp Cmp Prgs,John S. DeNero
COMPSCI61A,Str Interp Cmp Prgs,John S. DeNero
COMPSCI61A,Str Interp Cmp Prgs,John S. DeNero
COMPSCI61A,Str Interp Cmp Prgs,John S. DeNero
COMPSCI61A,Str Interp Cmp Prgs,John S. DeNero
COMPSCI61A,Str Interp Cmp Prgs,John S. DeNero
COMPSCI61A,Str Interp Cmp Prgs,John S. DeNero
COMPSCI61A,Str Interp Cmp Prgs,John S. DeNero
COMPSCI61A,Str Interp Cmp Prgs,John S. DeNero
COMPSCI61A,Str Interp Cmp Prgs,John S. DeNero
COMPSCI61A,Str Interp Cmp Prgs,John S. DeNero
COMPSCI61A,Str Interp Cmp Prgs,John S. DeNero
COMPSCI61A,Str Interp Cmp Prgs,John S. DeNero
COMPSCI61A,Str Interp Cmp Prgs,John S. DeNero
COMPSCI61A,Str Interp Cmp Prgs,John S. DeNero
COMPSCI61A,Str Interp Cmp Prgs,John S. DeNero
COMPSCI61A,Str Interp Cmp Prgs,John S. DeNero
COMPSCI61A,Str Interp Cmp Prgs,John S. DeNero
COMPSCI61A,Str Interp Cmp Prgs,John S. DeNero
COMPSCI61A,Str Interp Cmp Prgs,John S. DeNero
COMPSCI61A,Str Interp Cmp Prgs,John S. DeNero
COMPSCI61A,Str Interp Cmp Prgs,John S. DeNero
COMPSCI61A,Str Interp Cmp Prgs,John S. DeNero
COMPSCI61A,Str Interp Cmp Prgs,John S. DeNero
COMPSCI61A,Str Interp Cmp Prgs,John S. DeNero
COMPSCI61A,Str Interp Cmp Prgs,John S. DeNero
COMPSCI61A,Str Interp Cmp Prgs,John S. DeNero
COMPSCI61A,Str Interp Cmp Prgs,John S. DeNero
COMPSCI61A,Str Interp Cmp Prgs,John S. DeNero
COMPSCI61A,Str Interp Cmp Prgs,John S. DeNero
COMPSCI61A,Str Interp Cmp Prgs,John S. DeNero
COMPSCI61A,Str Interp Cmp Prgs,John S. DeNero
COMPSCI61A,Str Interp Cmp Prgs,John S. DeNero
COMPSCI61A,Str Interp Cmp Prgs,John S. DeNero
COMPSCI61A,Str Interp Cmp Prgs,John S. DeNero
COMPSCI61A,Str Interp Cmp Prgs,John S. DeNero
COMPSCI61A,Str Interp Cmp Prgs,John S. DeNero
COMPSCI61A,Str Interp Cmp Prgs,John S. DeNero
COMPSCI61A,Str Interp Cmp Prgs,John S. DeNero
COMPSCI61A,Str Interp Cmp Prgs,John S. DeNero
COMPSCI61A,Str Interp Cmp Prgs,John S. DeNero
COMPSCI61A,Str Interp Cmp Prgs,John S. DeNero
COMPSCI61A,Str Interp Cmp Prgs,John S. DeNero
COMPSCI61B,Data Structures,Joshua A. Hug
COMPSCI61B,Data Structures,Joshua A. Hug
COMPSCI61B,Data Structures,Joshua A. Hug
COMPSCI61B,Data Structures,Joshua A. Hug
COMPSCI61B,Data Structures,Joshua A. Hug
COMPSCI61B,Data Structures,Joshua A. Hug
COMPSCI61B,Data Structures,Joshua A. Hug
COMPSCI61B,Data Structures,Joshua A. Hug
COMPSCI61B,Data Structures,Joshua A. Hug
COMPSCI61B,Data Structures,Joshua A. Hug
COMPSCI61B,Data Structures,Joshua A. Hug
COMPSCI61B,Data Structures,Joshua A. Hug
COMPSCI61B,Data Structures,Joshua A. Hug
COMPSCI61B,Data Structures,Joshua A. Hug
COMPSCI61B,Data Structures,Joshua A. Hug
COMPSCI61B,Data Structures,Joshua A. Hug
COMPSCI61C,Machine Structures,Bernhard E Boser
COMPSCI61C,Machine Structures,Bernhard E Boser
COMPSCI61C,Machine Structures,Bernhard E Boser
COMPSCI61C,Machine Structures,Bernhard E Boser
COMPSCI61C,Machine Structures,Bernhard E Boser
COMPSCI61C,Machine Structures,Bernhard E Boser
COMPSCI61C,Machine Structures,Bernhard E Boser
COMPSCI61C,Machine Structures,Bernhard E Boser
COMPSCI61C,Machine Structures,Bernhard E Boser
COMPSCI61C,Machine Structures,Bernhard E Boser
COMPSCI61C,Machine Structures,Bernhard E Boser
COMPSCI61C,Machine Structures,Bernhard E Boser
COMPSCI61C,Machine Structures,Bernhard E Boser
COMPSCI61C,Machine Structures,Bernhard E Boser
COMPSCI61C,Machine Structures,Bernhard E Boser
COMPSCI61C,Machine Structures,Bernhard E Boser
COMPSCI61C,Machine Structures,Bernhard E Boser
COMPSCI61C,Machine Structures,Bernhard E Boser
COMPSCI61C,Machine Structures,Bernhard E Boser
COMPSCI61C,Machine Structures,Bernhard E Boser
COMPSCI61C,Machine Structures,Bernhard E Boser
COMPSCI61C,Machine Structures,Bernhard E Boser
COMPSCI61C,Machine Structures,Bernhard E Boser
COMPSCI61C,Machine Structures,Bernhard E Boser
COMPSCI70,Discrete Math&Prob,Jean C Walrand
COMPSCI152,Comp Arch & Eng,John Wawrzynek
COMPSCI160,User Interfaces,Bjorn Hartmann
COMPSCI161,Computer Security,Raluca Ada Popa
COMPSCI162,Op Sys And Sys Prog,Anthony D Joseph
COMPSCI162,Op Sys And Sys Prog,Anthony D Joseph
COMPSCI162,Op Sys And Sys Prog,Anthony D Joseph
COMPSCI162,Op Sys And Sys Prog,Anthony D Joseph
COMPSCI162,Op Sys And Sys Prog,Anthony D Joseph
COMPSCI162,Op Sys And Sys Prog,Anthony D Joseph
COMPSCI162,Op Sys And Sys Prog,Anthony D Joseph
COMPSCI162,Op Sys And Sys Prog,Anthony D Joseph
COMPSCI162,Op Sys And Sys Prog,Anthony D Joseph
COMPSCI164,Prog Lang And Comp,Paul N Hilfinger
COMPSCI168,Internet Arch,Scott J Shenker
COMPSCI168,Internet Arch,Sylvia Ratnasamy
COMPSCI169,Software Engineer,Armando Fox
COMPSCI170,Intro Cs Theory,Luca Trevisan
COMPSCI170,Intro Cs Theory,Christos H Papadimitriou
COMPSCI176,Algo For Comp Bio,Nir Yosef
COMPSCI189,Intro Machine Learn,Jitendra Malik
COMPSCI189,Intro Machine Learn,Benjamin Recht
COMPSCI194,Special Topics,Alexei Efros
COMPSCI194,Special Topics,Jonathan Richard Bachrach
COMPSCI195,Social Implic Comp,Joshua A. Hug
CUNEIF100A,Elementary Akkadian,Laurie E. Pearce
CUNEIF101A,Sel/Read Akkadian,Laurie E. Pearce
CUNEIF103A,Sel/Read Sumerian,Nicolaas CHRISTIAAN Veldhuis
CYPLAN113B,Commty & Econ Dev,Sara Hinkley
CYPLAN119,Plng Sustainability,Charisma S. Acey
CYPLAN140,Citybldg/Placemkg,Elizabeth S. Macdonald
CZECH26A,Intro Czech,Ellen R Langer
CZECH116A,Cont Czech,Ellen R Langer
DANISH1A,Beginning Danish,Karen Moller
DEMOG110,Population Analysis,Robert E. Chung
DEVSTD150,Adv Study Dev Study: Globalization,Clare Talwalker
DEVSTD150,Adv Study Dev Study,Tiffany L. Page
DUTCH1,Elem Dutch,Ireen Esmee Van Der Hoeven
DUTCH1,Elem Dutch,Ireen Esmee Van Der Hoeven
DUTCH110,Advanced Dutch,Ireen Esmee Van Der Hoeven
DUTCH171AC,New Netherland,Jeroen Dewulf
EALANGC50,Intro To Buddhism,Robert H. Sharf
EALANGC120,Buddhsm-Silk Road,Sanjyot Mehendale
EALANG181,Ea Film: Genre,Daniel Cuong O'Neill
ECON1,Intro To Economics,Martha L Olney
ECONC3,Intro To Env Econ,Peter Berck
ECON100A,Micro Analysis,Calanit Kamala
ECON100B,Macro Analysis,Steven A Wood
ECON101A,Econ Theory--Micro,Cecile Gaubert
ECON101B,Econ Theory--Macro,Benjamin Berthold Schoefer
ECONC102,Nat Res Econ,Larry S Karp
ECONC103,Intro Math Economic,Haluk I. Ergin
ECON105,Hist Econ Thought,Joseph W. H. Lough
ECON115,20th Cen World Econ,Calanit Kamala
ECON119,Psych And Econ,Raymond J Hawkins
ECON121,Ind Org & Pub P,Kei Kawai
ECON131,Public Economics,Danny F Yagan
ECON136,Financial Economics,Raymond J Hawkins
ECON140,Econometrics,Evgeniya A Duzhak
ECON141,Econometric Analys,James L Powell
ECONC142,Appl Metric/Pub Pol,David E Card
ECON155,Urban Econ,Patrick M. Kline
ECON162,Chinese Economy,Gerard R Roland
ECONC171,Economic Develop,Aprajit Mahajan
ECONC181,International Trade,Thibault Fally
ECON182,Intl Monet Econ,Galina Borisova Hale
ECON191,Topic Econ Research,Barry J Eichengreen
EDUC52AC,Lang In Society,Anthony A Mirabelli
EDUC130,Know Learn Math Sci,Edward Ham
EDUC140AC,Liter:Ind & Soc Dev,Glynda A. Hull
EDUCC148,Educ And Intl Dev,Erin Murphy-Graham
EDUC158,Teach Reading K-8,Anne E Cunningham Carson
EDUC161,Digital Learning En,Zachary A Pardos
EDUC186AC,The Southern Border,Harley S Shaiken
EDUC188,Latinas/Os And Ed,Sahara P. Baquedano-Lopez
EDUC190AC,Critical Studies,Glynda A. Hull
EDUC190AC,Critical Studies,Glynda A. Hull
EDUC190AC,Critical Studies,Glynda A. Hull
EDUC190AC,Critical Studies,Glynda A. Hull
EECS149,Intro Embedded Syst,Edward A Lee
EECS151,Intro Dig Inte Cir,Borivoje Nikolic
EECS151,Intro Dig Inte Cir,Jan M Rabaey
EGYPT101A,Intermed Egyptian,Barbara Richter
ELENG16A,Design Info Dev I,Babak Ayazifar
ELENG16A,Design Info Dev I,Vladimir M. Stojanovic
ELENG16B,Design Info Dev Ii,Murat Arcak
ELENG16B,Design Info Dev Ii,Michel Martin Maharbiz
ELENG105,Micro Dev & Cir,Ali M Niknejad
ELENGC106A,Intro To Robotics,Sosale Shankar Sastry
ELENGC106A,Intro To Robotics,Ruzena Bajcsy
ELENG118,Intro Optical Eng,Laura Waller
ELENG120,Signals And Systems,Ronald S Fearing
ELENG126,Prob & Random P,Avideh Zakhor
ELENGC128,Feedback Cntrl Sys,Seth R Sanders
ELENG130,Ic Devices,Ali Javey
ELENG137A,Elec Power Systems,Alexandra Von Meier
ELENG140,Lin Integ Circ,Rikky Muller
ELENG143,Microfab Tech,Clark Tu-Cuong Nguyen
ELENG144,Fun Algo Sys Design,Stavros Trypakis
ELENG144,Fun Algo Sys Design,Jaijeet Shankar Roychowdhury
ELENGC145B,Med Img Sig & S,Steven Conolly
ELENG147,Microelectromec Sys,Kristofer S J Pister
ENERES180,Ecol Econ History,Jalel Marti Sager
ENGIN7,Intr Computer Prog,Mohammad-reza Alam
ENGIN25,Vis For Des,George Anwar
ENGIN26,3 Dimen Mod Des,Kourosh Ken Youssefi
ENGIN27,Intro Manfctrng Tol,Hayden Kingsley Taylor
ENGIN27,Intro Manfctrng Tol,David A Dornfeld
ENGIN45,Prop Of Matls,Lane W. Martin
ENGIN92,Perspectin Engin,Matthew P Sherburne
ENGIN115,Eng Thermodynamics,Kristin A. Persson
ENGIN117,Meth Engr Analysis,Stephen J Morris
ENGIN128,Adv Engr Des Graph,Dennis Kenmon Lieu
ENGLISHR1A,Reading And Comp,Alexander Catchings
ENGLISHR1A,Reading And Comp,Hannah Ehrlinspiel
ENGLISHR1A,Reading And Comp,Atti Viragh
ENGLISHR1A,Reading And Comp,Katherine I Bondy
ENGLISHR1A,Reading And Comp,Brandon S Callender
ENGLISHR1A,Reading And Comp,Shokoofeh Rajabzadeh
ENGLISHR1A,Reading And Comp,Raphael Magarik
ENGLISHR1B,Reading And Comp,Edward S Alexander
ENGLISHR1B,Reading And Comp,Aristides Dimitriou
ENGLISHR1B,Reading And Comp,Kathryn Fleishman
ENGLISHR1B,Reading And Comp,Aileen Liu
ENGLISHR1B,Reading And Comp,Evan Klavon
ENGLISHR1B,Reading And Comp,Lucy Sirianni
ENGLISHR1B,Reading And Comp,Mark Scott
ENGLISHR1B,Reading And Comp,Jose Juan Villagrana
ENGLISHR1B,Reading And Comp,Allison Neal
ENGLISHR1B,Reading And Comp,Diana Catherine Wise
ENGLISH31AC,Lit Amer Cultures,Nadia D. Ellis
ENGLISH45A,Lit In English,Steven Justice
ENGLISH45A,Lit In English,Katherine O'Brien O'Keeffe
ENGLISH45B,Lit In English,Janet Linda Sorensen
ENGLISH45B,Lit In English,Charles Daniel Blanton
ENGLISH45C,Lit In English,Eric Falci
ENGLISH45C,Lit In English,Mark A. Goble
ENGLISH104,Intro To Old Engl,Katherine O'Brien O'Keeffe
ENGLISH110,Medieval Literature,Emily Victoria Thornbury
ENGLISH115A,Eng Renaissance,Jennifer Miller
ENGLISH117B,Shakespeare,David Landreth
ENGLISH117S,Shakespeare,Oliver Arnold
ENGLISH117T,Shakespeare/Theatre,David Marno
ENGLISH121,Romantic Period,Celeste G Langan
ENGLISH125D,20th Century Novel,Donna V. Jones
ENGLISH126,British Lit/1900-45,Joshua Gang
ENGLISH131,American Poetry,Geoffrey O'Brien
ENGLISH133A,Af Am Before 1917,Bryan Wagner
ENGLISHC136,Topics In Amer Stud,Donald Anthony Mcquade
ENGLISH138,Stud Wor Lit Eng,Poulomi Saha
ENGLISH141,Modes Of Writing,Melanie Joiwind Chandra
ENGLISH143A,Short Fiction,Vikram Chandra
ENGLISH143B,Verse,John Shoptaw
ENGLISH143N,Prose Nonfiction,Cecil S. Giscombe
ENGLISH143N,Prose Nonfiction,Nadia D. Ellis
ENGLISH143N,Prose Nonfiction,Scott ANDREW Saul
ENGLISH161,Int To Lit Theory,R Marcial Gonzalez
ENGLISH166,Special Topics,Joanna M Picciotto
ENGLISH166,Special Topics,Eric Naiman
ENGLISH170,Lit & The Arts,Emily Victoria Thornbury
ENGLISH170,Lit & The Arts,Ian Duncan
ENGLISH171,Lit And Sexual Iden,Poulomi Saha
ENGLISH171,Lit And Sexual Iden,Elizabeth Abel
ENGLISH174,Lit & History,Scott ANDREW Saul
ENGLISH175,Lit And Disability,Georgina Kleege
ENGLISH180H,Short Story,Vikram Chandra
ENGLISHH195A,Honors Course,David Marno
ENGLISHH195A,Honors Course,Celeste G Langan
ENVDES1,Intro To Env Des,Nicholas de Monchaux
ENVDES102,Sustnble Urbanism,David Waldron
ENVECONC1,Intro To Env Econ,Peter Berck
ENVECON100,Microecon Theory,Ethan Ligon
ENVECONC102,Nat Res Econ,Larry S Karp
ENVECONC118,Intro Econometrics,Elisabeth Sadoulet
ENVECON145,Hlth & Env Econ,Michael L. Anderson
ENVECONC151,Economic Develop,Aprajit Mahajan
ENVECON152,Adv Topics Dev/Trad,Jeremy R. Magruder
ENVECON161,Adv Topic Env Econ,Christian P. Traeger
ENVECONC181,International Trade,Thibault Fally
EPS50,The Planet Earth,David L. Shuster
EPSC82,Oceans,James Bishop
EPSC82,Oceans,Ivo Duijnstee
EPS100A,Mineralogy,Jill F. Banfield
EPS101,Fld Geol & Dig Map,Nicholas Swanson-hysell
EPS108,Geodynamics,Mark A Richards
EPS109,Comp Sim Earth,Burkhard Militzer
EPS117,Geomorphology,William E Dietrich
EPS150,Case Stdy-Earth Sys,Roland Burgmann
EPSC162,Planetary Astrophys,Imke De Pater
EPSC178,Applied Geophysics,James W III Rector
EPSC181,Atm Phys & Dyn,David M. Romps
ESPM2,The Biosphere,Ronald G Amundson
ESPM6,Environ Biology,Ignacio H Chapela
ESPM15,Intro Environ Sci,Matthew Potts
ESPM15,Intro Environ Sci,Robert C Rhew
ESPM50AC,Intro Cult/Res Mgt,Kurt Spreyer
ESPM60,U.S. Environ Policy,Alastair T Iles
ESPM90,Intro To Crs Major,Ignacio H Chapela
ESPM98BC,Directed Group Stud,Erica B Rosenblum
ESPM98BC,Directed Group Stud,Erica B Rosenblum
ESPM98BC,Directed Group Stud,Erica B Rosenblum
ESPM98BC,Directed Group Stud,Erica B Rosenblum
ESPM98BC,Directed Group Stud,Erica B Rosenblum
ESPM98BC,Directed Group Stud,Erica B Rosenblum
ESPM98BC,Directed Group Stud,Erica B Rosenblum
ESPM98BC,Directed Group Stud,Erica B Rosenblum
ESPM98BC,Directed Group Stud,Freyja L Knapp
ESPM100,Environ Prob Solv,Gordon W Frankie
ESPM102B,Nat Res Sampling,Gregory S Biging
ESPMC103,Prin Conserv Biol,Steven R Beissinger
ESPMC105,Natural History Mus,Rosemary G Gillespie
ESPMC105,Natural History Mus,Charles Marshall
ESPMC105,Natural History Mus,Jimmy A Mcguire
ESPMC107,Biol Geomo Trop Isl,Patrick O'Grady
ESPMC107,Biol Geomo Trop Isl,Jonathon H Stillman
ESPMC107,Biol Geomo Trop Isl,Cynthia Looy
ESPMC107,Biol Geomo Trop Isl,Stephanie Marie Carlson
ESPM108A,Trees: Taxonomy,Richard S Dodd
ESPM108B,Env Change Genetics,Richard S Dodd
ESPM120,Soil Characters,Celine E. Pallud
ESPMC126,Animal Behavior,Eileen A Lacey
ESPMC126,Animal Behavior,Damian O. Elias
ESPMC126,Animal Behavior,George E. Bentley
ESPM137,Landscape Ecology,Ian J. Wang
ESPM140,General Entomology,Patrick O'Grady
ESPM142,Insect Behavior,Neil Tsutsui
ESPM155AC,Nat Res Sociology,Kathryn De Master
ESPM161,Env Phil Ethics,Carolyn Merchant
ESPM162,Bioethics Soc,Kendra Klein
ESPM169,Intnatl Env Politic,Katherine M O'Neill
ESPM173,Intro Data Analysis,David Perry de Valpine
ESPM178B,Env Sci Ed Pract,Gordon W Frankie
ESPM182,Forest Oper Mangmt,Robert A York
ESPM185,Applied Forest Ecol,Kevin L O'Hara
ESPMC192,Mol Prob Solving,Steven E Lindow
ESPM194B,Secapstone,Carolyn Merchant
ESPM198BC,Directed Group Stud,Erica B Rosenblum
ESPM198BC,Directed Group Stud,Erica B Rosenblum
ESPM198BC,Directed Group Stud,Erica B Rosenblum
ESPM198BC,Directed Group Stud,Erica B Rosenblum
ESPM198BC,Directed Group Stud,Erica B Rosenblum
ESPM198BC,Directed Group Stud,Erica B Rosenblum
ETHSTD101A,Soc Sci Methods,John C. Zepeda
ETHSTD130,Multicultural Amer,Gregory P. Choy
ETHSTD150,Mix Racial Descent,Gregory P. Choy
ETHSTD159AC,The Southern Border,Harley S Shaiken
ETHSTD175,Lit From Eth Mvmts,Gregory P. Choy
ETHSTD180,Comp Eth Std Topics,Enrique E Lima
ETHSTD180,Comp Eth Std Topics,Alex M Saragoza
ETHSTD190AC,Adv Sem In Eth Std,Victoria Ellen Robinson
FILIPN1A,Intro To Filipino,Cynthia Agnes C Aban
FILIPN1A,Intro To Filipino,Cynthia Agnes C Aban
FILIPN1A,Intro To Filipino,Cynthia Agnes C Aban
FILIPN1A,Intro To Filipino,Maria Barrios-Leblanc
FILIPN100A,Intermed Filipino,Karen Llagas
FILIPN100A,Intermed Filipino,Karen Llagas
FILIPN101A,Advanced Filipino,Maria Barrios-Leblanc
FILM20,Film/Media Culture,Damon R. Young
FILM25A,History Of Film,Anne Nesbet
FILM108,Film Genre,Eileen M. Jones
FILM129,Avant-Garde Film,Eileen M. Jones
FILM140,Spec Topics: Film,Emily C Carpenter
FILM151,Auteur Theory,Mark B Sandberg
FILM151,Auteur Theory,Weihong Bao
FILM180,Screenwriting,J Mira Kopell
FINNISH1A,Beginning Finnish,Sirpa M Tuomainen
FINNISH102A,Intermed Finnish,Sirpa M Tuomainen
FRENCH1,Elementary French,Seda Chavdarian
FRENCH1,Elementary French,Seda Chavdarian
FRENCH1,Elementary French,Seda Chavdarian
FRENCH1,Elementary French,Seda Chavdarian
FRENCH1,Elementary French,Seda Chavdarian
FRENCH1,Elementary French,Seda Chavdarian
FRENCH1,Elementary French,Seda Chavdarian
FRENCH1,Elementary French,Seda Chavdarian
FRENCH1,Elementary French,Seda Chavdarian
FRENCH1,Elementary French,Seda Chavdarian
FRENCH1,Elementary French,Seda Chavdarian
FRENCHR1A,Eng Com With Fr Lit,Zane Lojkovic Burris
FRENCHR1A,Eng Com With Fr Lit,Susan A Maslan
FRENCHR1A,Eng Com With Fr Lit,Marion Elizabeth Phillips
FRENCHR1A,Eng Com With Fr Lit,Susan A Maslan
FRENCHR1B,Eng Com With Fr Lit,Susan A Maslan
FRENCHR1B,Eng Com With Fr Lit,Jessica Singer
FRENCHR1B,Eng Com With Fr Lit,Michelle Koerner
FRENCHR1B,Eng Com With Fr Lit,Michelle Koerner
FRENCH2,Elementary French,Seda Chavdarian
FRENCH2,Elementary French,Seda Chavdarian
FRENCH2,Elementary French,Seda Chavdarian
FRENCH2,Elementary French,Seda Chavdarian
FRENCH2,Elementary French,Seda Chavdarian
FRENCH2,Elementary French,Seda Chavdarian
FRENCH2,Elementary French,Seda Chavdarian
FRENCH3,Intermediate French,Vesna Rodic
FRENCH3,Intermediate French,Vesna Rodic
FRENCH3,Intermediate French,Vesna Rodic
FRENCH3,Intermediate French,Vesna Rodic
FRENCH3,Intermediate French,Vesna Rodic
FRENCH3,Intermediate French,Vesna Rodic
FRENCH3,Intermediate French,Vesna Rodic
FRENCH4,Adv Int French,Vesna Rodic
FRENCH4,Adv Int French,Vesna Rodic
FRENCH4,Adv Int French,Vesna Rodic
FRENCH4,Adv Int French,Vesna Rodic
FRENCH4,Adv Int French,Vesna Rodic
FRENCH13,Intermed Convers,Richard Kern
FRENCH13,Intermed Convers,Richard Kern
FRENCH14,Adv Conversation,Richard Kern
FRENCH43B,Aspects Fr Culture,Timothy Hampton
FRENCH103A,Lang And Culture,Thoraya S Tlatli
FRENCH112B,Medieval Literature,David Hult
FRENCH118B,18th Century Lit,Nicholas Paige
FRENCH139,Fr Creative Writing,Vesna Rodic
FRENCH140D,Fr Lit Engl Trans,Suzanne Guerlac
FRENCH146A,Intro French Ling,Richard Kern
FRENCH161A,Yr In Fr History,Deborah A. Blocker
FRENCH170,French Films,Damon R. Young
FRENCH171A,Concept In Hist,Deborah A. Blocker
FRENCH183A,Config Of Crisis,Debarati Sanyal
FRENCH185,Lit And Colonialism,Thoraya S Tlatli
GEOG10,World Regions,Jon G. Kosek
GEOG40,Intro Earth Sys Sci,Laurel G. Larsen
GEOGC55,Intro Central Asia,Sanjyot Mehendale
GEOG80,Digital Worlds,David Bernard O'sullivan
GEOGC82,Oceans,Ivo Duijnstee
GEOGC82,Oceans,James Bishop
GEOGC139,Atm Phys & Dyn,David M. Romps
GEOG140B,Physiography,Kurt Cuffey
GEOG142,Climate Dynamics,John C Chiang
GEOG147,Commun Climate Sci,Catherine E Halversen
GEOG147,Commun Climate Sci,John C Chiang
GEOG159AC,The Southern Border,Harley S Shaiken
GEOG171,Special Topics Phys: Climates of the,Norman L. Miller
GEOG183,Cartograph Represen,Alicia D. Cowart
GEOGC188,Geog Info System,John D Radke
GERMAN1,Elementary German 1,Christopher L Hench
GERMAN1,Elementary German 1,Nikolaus Euba
GERMAN1,Elementary German 1,Nikolaus Euba
GERMAN1,Elementary German 1,Sarah M Harris
GERMAN1,Elementary German 1,Nikolaus Euba
GERMAN1,Elementary German 1,Nikolaus Euba
GERMAN1,Elementary German 1,Gregory R Smith
GERMAN1,Elementary German 1,Nikolaus Euba
GERMAN1,Elementary German 1,Kumars Salehi
GERMAN1,Elementary German 1,Nikolaus Euba
GERMAN1,Elementary German 1,Nikolaus Euba
GERMAN1,Elementary German 1,Vera Feinberg
GERMAN1,Elementary German 1,Philip Gerard
GERMAN1,Elementary German 1,Nikolaus Euba
GERMAN1,Elementary German 1,Philip Gerard
GERMAN2,Elementary German 2,Nikolaus Euba
GERMAN2,Elementary German 2,Nikolaus Euba
GERMAN2,Elementary German 2,Christine Marie Vais
GERMAN2,Elementary German 2,Christine Marie Vais
GERMAN2,Elementary German 2,Stephanie D C Peltner
GERMAN2,Elementary German 2,Nikolaus Euba
GERMAN3,Intermed German I,Nikolaus Euba
GERMAN3,Intermed German I,George A Estes
GERMAN3,Intermed German I,Nikolaus Euba
GERMAN3,Intermed German I,Cara E Tovey
GERMAN3,Intermed German I,Alicia A Roy
GERMAN3,Intermed German I,Nikolaus Euba
GERMAN3,Intermed German I,Eric P. Savoth
GERMAN3,Intermed German I,Niklaus E Largier
GERMAN4,Intermed German Ii,Eric P. Savoth
GERMAN4,Intermed German Ii,Niklaus E Largier
GERMAN4,Intermed German Ii,Jonathan A Cho Polizzi
GERMAN4,Intermed German Ii,Nikolaus Euba
GERMANR5A,Reading And Comp,Winfried G Kudszus
GERMANR5A,Reading And Comp,Winfried G Kudszus
GERMANR5A,Reading And Comp,Winfried G Kudszus
GERMANR5A,Reading And Comp,Winfried G Kudszus
GERMANR5A,Reading And Comp,Winfried G Kudszus
GERMAN39N,Freshman Seminar,Chenxi Tang
GERMAN100,Reading Culture,Jeroen Dewulf
GERMAN101,Advanced German,Nikolaus Euba
GERMAN102D,Pop Culture/Germany,Harriett Virginia Ann Jernigan
GERMAN103,Intro Gm Ling,Thomas F Shannon
GERMAN105,Mhg Undergrads,Elaine C Tennant
GERMAN148,Topics In Narrative,Winfried G Kudszus
GERMAN160B,Facism/Propaganda,Andrea A Sinn
GPP115,Global Poverty,Fatmir Haskaj
GREEK1,Elementary Greek: ANCIENT GREEK,Nikolaos Papazarkadas
GREEK100,Attic Prose,Giovanni R F Ferrari
GREEK102,Drama,Mark Griffith
GWS10,Int Gender/Wom Stdy,Barbara A. Barnes
GWS40,Special Topics,Barbara A. Barnes
GWS50AC,Gender In Amer Cult,Ayse Agis
GWS102,Transnational Fem,Paola Bacchetta
GWS103,Identity Across Dif,Melinda Y Chen
GWS120,History Amer Women,Barbara A. Barnes
GWS126,Film Fem Avant Gard,Minh-Ha Thi Trinh Bourdier
GWS130AC,Gen Race Nat & Hlth,Laura C Nelson
GWS140,Feminist Cultur Std,Minoo Moallem
GWSC146A,Rep Sexuality/Lit,Jacqueline Asher
GWSC196A,Ucdc Core Seminar,Michael J Austin
HEBREW20A,Intermediate Hebrew,Rutie Adler
HEBREW20A,Intermediate Hebrew,Rutie Adler
HEBREW100A,Advanced Hebrew,Rutie Adler
HEBREW104A,Mod Hebrew Lit&Cult,Chana Kronfeld
HINURD1A,Intrd Hindi,Pranjali Sirasao
HINURD1A,Intrd Hindi,Pranjali Sirasao
HINURD100A,Intermediate Hindi,Pranjali Sirasao
HINURD101A,Readings Modern Hin,Usha R Jain
HISTARTR1B,Visual Experience,Ivy Mills
HISTARTR1B,Visual Experience,Ivy Mills
HISTARTR1B,Visual Experience,Ivy Mills
HISTARTR1B,Visual Experience,Ivy Mills
HISTARTR1B,Visual Experience,Ivy Mills
HISTARTR1B,Visual Experience,Ivy Mills
HISTARTR1B,Visual Experience,Ivy Mills
HISTART62,Intro Ital Ren Art,Henrike Christiane Lange
HISTART88,Arts Of Latin Ameri,Lisa S. Trever
HISTART101,Global Methods,Diliana Angelova
HISTART101,Global Methods,Sugata Ray
HISTART101,Global Methods,Imogen Hart
HISTART141A,Archaic Greek Art,Andrew F Stewart
HISTART186A,Early 20th Cent Art,Darcy Grimaldo Grigsby
HISTART187AC,American Art/Ac,Lauren Kroiz
HISTART190A,Asian,Bonnie C Wade
HISTART190T,Special Topics,Whitney M Davis
HISTART190T,Special Topics,Winnie Won Yin Wong
HISTORY4A,Ancient Mediterrane,Carlos F. Norena
HISTORY5,Modern Europe,Ethan H. Shagan
HISTORY6A,China: Early,Nicolas O. Tackett
HISTORY7A,Us To Civil War,Mark A. Peterson
HISTORY8A,Becoming Latin Amer,Margaret Chowning
HISTORY30,History Of Science,Rodolfo J Alaniz
HISTORY100D,Topics - U.S.,Kerwin L Klein
HISTORY100F,Topics-Asia,Alexander C. Cook
HISTORY100M,Topics-Mideast,Christine Philliou
HISTORY100U,Topics-Cmprtve,Andrew E Barshay
HISTORY100U,Topics-Cmprtve,John Connelly
HISTORY116D,20th Century China,Wen-Hsing Yeh
HISTORY118A,Japan To 1800,Mary E Berry
HISTORY138,Science In U.S.,Cathryn Carson
HISTORY138T,Us Science Calteach,Cathryn Carson
HISTORYC139C,Us Social Movements,Waldo E Martin
HISTORY149B,Italy 1000-1350,Maureen C. Miller
HISTORY162A,Eur Diplo 1648-1914,David Wetzel
HISTORY167C,Germany From 1914,Andrea A Sinn
HISTORY169,Modern Italy,Thomas Dandelet
HISTORYC175B,Jewish Civ Modern,John M. Efron
HISTORY177A,Armenia To 1500,Stephan H Astourian
HISTORYC187,Human Rights,Stefan-Ludwig Hoffmann
HUNGARI1A,Intro Hungarian,Eva Soos Szoke
HUNGARI100,Hungarian Readings,Eva Soos Szoke
IAS45,Survy World History,David Ilmar Lepasaar Beecher
IAS102,Scope And Methods,Bruce O. Newsome
IAS102,Scope And Methods,Peter A. Bartu
IASH102,Scope And Methods,Stephanie Ballenger
IAS107,Inter Macro Theory,Mario B. Muzzi
IASC118,Intro Econometrics,Elisabeth Sadoulet
IASC148,Educ And Intl Dev,Erin Murphy-Graham
IAS150,Adv Std In Ias,Stephanie Ballenger
IAS150,Adv Std In Ias,Bruce O. Newsome
IAS150,Adv Std In Ias: Globalization of Indi,Clare Talwalker
IAS150,Adv Std In Ias,Tiffany L. Page
IAS150,Adv Std In Ias: Cultures and Capitali,Clare Talwalker
IAS158AC,Social Movements,Sean Michael Burns
IASC175,Econ Climate Chg,David Anthoff
IAS194,Senior Sem In Ias,Stephanie Ballenger
ICELAND1A,Beginning Icelandic,Karen Moller
INDENG115,Ind & Comm Data Sys,Kenneth Yigael Goldberg
INDENG130,Method Manuf Improv,Robert C Leachman
INDENG151,Serv Oper Desg Anal,Anil Jayanti Asani
INDENG160,Nonlin & Dis Optimz,Javad Lavaeiyanesi
INDENG162,Linp & Netwrk Flows,Dorit S Hochbaum
INDENG171,Tech Firm Leadrship,Ikhlaq Sidhu
INDENG171,Tech Firm Leadrship,Ikhlaq Sidhu
INDENG172,Probability Eng,Rhonda Lee Righter
INDENG180,Senior Project,Philip M Kaminsky
INDENG191,Entrepreneurship,Naeem Zafar
INFO88A,Data And Ethics,Anna Lauren Hoffmann
INFOC167,Virtul Comm/Soc Med,Edwin K Lin
INTEGBIC13,Origins Big Bang,Charles Marshall
INTEGBIC13,Origins Big Bang,Eliot Quataert
INTEGBI35AC,Hum Bio Variation,Leslea Hlusko
INTEGBIC82,Oceans,Ivo Duijnstee
INTEGBIC82,Oceans,James Bishop
INTEGBIC96,Study Bio Sciences,John Matsui
INTEGBIC105,Natural History Mus,Charles Marshall
INTEGBIC105,Natural History Mus,Rosemary G Gillespie
INTEGBIC105,Natural History Mus,Jimmy A Mcguire
INTEGBIC107L,Plant Morphol W Lab,Chelsea D. Specht
INTEGBIC110L,Biol Fungi With Lab,Thomas Dickinson Bruns
INTEGBIC110L,Biol Fungi With Lab,John W Taylor
INTEGBI117,Medical Ethnobotany,Thomas J Carlson
INTEGBI118,Host-Path Interact,Michael Shapira
INTEGBI123AL,Exercise Physio Lab,George A Brooks
INTEGBIC125L,Intro Biomech Anal,M. Kathryn Scott
INTEGBI131,Human Anatomy,Thomas J Carlson
INTEGBI137,Human Endo,Tyrone B Hayes
INTEGBI139,Neuro Bio Of Stress,Daniela Kaufer
INTEGBIC144,Animal Behavior,George E. Bentley
INTEGBIC144,Animal Behavior,Eileen A Lacey
INTEGBIC144,Animal Behavior,Damian O. Elias
INTEGBI148,Comp Animal Physiol,Robert J Full
INTEGBI148,Comp Animal Physiol,Caroline Margaret Williams
INTEGBIC156,Prin Conserv Biol,Steven R Beissinger
INTEGBI158LF,Biol Geomo Trop Isl,Stephanie Marie Carlson
INTEGBI158LF,Biol Geomo Trop Isl,Cynthia Looy
INTEGBI158LF,Biol Geomo Trop Isl,Jonathon H Stillman
INTEGBI158LF,Biol Geomo Trop Isl,Patrick O'Grady
INTEGBI160,Evolution,Kevin Padian
INTEGBI160,Evolution,Chelsea D. Specht
INTEGBI162,Ecological Genetics,Ellen L Simms
INTEGBI164,Human Gene & Ge,Kelly K. Agnew
INTEGBI173LF,Mammalogy With Lab,Michael Nachman
INTEGBI194,Ugsi For Ib Courses,Ellen L Simms
ISF61,Moral Reasoning,Earl B Klee
ISF100A,Soc Thry Cult Anlys,Gary P Wren
ITALIAN1,Elementary Italian,Giuliana Perco
ITALIAN1,Elementary Italian,Giuliana Perco
ITALIAN1,Elementary Italian,Giuliana Perco
ITALIAN1,Elementary Italian,Giuliana Perco
ITALIAN1,Elementary Italian,Giuliana Perco
ITALIAN1,Elementary Italian,Giuliana Perco
ITALIAN1S,Int Ital Span Speak,Anna M. Bellezza
ITALIAN1S,Int Ital Span Speak,Anna M. Bellezza
ITALIAN2,Elementary Italian,Giuliana Perco
ITALIAN2,Elementary Italian,Giuliana Perco
ITALIAN3,Interm Italian,Mara Mauri Jacobsen
ITALIAN4,Adv Italian,Mara Mauri Jacobsen
ITALIAN40,Italian Culture,Maria G Fuller
ITALIAN50,Italian Renaissance,Henrike Christiane Lange
ITALIAN101A,Adv Gram Read Comp,Giuliana Perco
ITALIAN102,Adv Ital Lang Perf,Anna M. Bellezza
ITALIAN110,13th-14th C.Lit&Cul,Albert R Ascoli
ITALIAN120,Italian Studies,Diego Pirillo
JAPAN1A,Elementary Japanese,Yuriko Miyamoto Caltabiano
JAPAN1A,Elementary Japanese,Yuriko Miyamoto Caltabiano
JAPAN1A,Elementary Japanese,Yuriko Miyamoto Caltabiano
JAPAN1A,Elementary Japanese,Yuriko Miyamoto Caltabiano
JAPAN1A,Elementary Japanese,Yuriko Miyamoto Caltabiano
JAPAN1A,Elementary Japanese,Yuriko Miyamoto Caltabiano
JAPAN1A,Elementary Japanese,Yuriko Miyamoto Caltabiano
JAPAN1A,Elementary Japanese,Yuriko Miyamoto Caltabiano
JAPAN1A,Elementary Japanese,Yuriko Miyamoto Caltabiano
JAPAN1A,Elementary Japanese,Yuriko Miyamoto Caltabiano
JAPAN1A,Elementary Japanese,Yuriko Miyamoto Caltabiano
JAPAN1A,Elementary Japanese,Yuriko Miyamoto Caltabiano
JAPAN1A,Elementary Japanese,Yuriko Miyamoto Caltabiano
JAPAN7A,Premod Japan Lit,John Wallace
JAPAN10A,Interm Japanese,Maki Takata
JAPAN10A,Interm Japanese,Maki Takata
JAPAN10A,Interm Japanese,Maki Takata
JAPAN10A,Interm Japanese,Maki Takata
JAPAN10A,Interm Japanese,Maki Takata
JAPAN10X,Int Japanese Herit,Noriko K Wallace
JAPAN100A,Advanced Japanese,Wakae Kambara
JAPAN100A,Advanced Japanese,Wakae Kambara
JAPAN103,Fourth-Yr:Lit,Chika Shibahara
JAPAN120,Intro Class Japan,H Mack Horton
JAPAN159,Contem Japanese Lit,John Wallace
JAPAN177,Rancor & Revenge,John Wallace
KHMER1A,Intro Khmer,Francis J. Smith
KHMER100A,Intermediate Khmer,Francis J. Smith
KHMER101A,Advanced Khmer,Francis J. Smith
KOREAN1A,Elementary Korean,Kijoo Ko
KOREAN1A,Elementary Korean,Kijoo Ko
KOREAN1A,Elementary Korean,Kijoo Ko
KOREAN1A,Elementary Korean,Kijoo Ko
KOREAN1A,Elementary Korean,Kijoo Ko
KOREAN1A,Elementary Korean,Kijoo Ko
KOREAN1A,Elementary Korean,Kijoo Ko
KOREAN1A,Elementary Korean,Kijoo Ko
KOREAN1A,Elementary Korean,Kijoo Ko
KOREAN1AX,Elem Korean Heritag,Minsook Kim
KOREAN1AX,Elem Korean Heritag,Minsook Kim
KOREAN7A,Premod Korean Lit,Jinsoo An
KOREAN10A,Intermediate Korean,Minsook Kim
KOREAN10A,Intermediate Korean,Minsook Kim
KOREAN10AX,Int Korean Heritag,Jiyoung Kim
KOREAN10AX,Int Korean Heritag,Jiyoung Kim
KOREAN100A,Advanced Korean,Seung-Eun Chang
KOREAN100AX,Adv Korean Heritag,Soojin C Lee
KOREAN100AX,Adv Korean Heritag,Soojin C Lee
KOREAN101,4th Year Read--Lit,Junghee Park
KOREAN111,Fifth-Yr: Adv Texts,Meehyei Lee
KOREAN155,Mod Korean Fiction,Youngmin Kwon
KOREAN157,Contemp Korean Lit,Youngmin Kwon
KOREAN188,Cold War Culture,Jinsoo An
LANPRO100A,Lang Prof Workshop,Ellen Rosenfield
LANPRO100A,Lang Prof Workshop,Ellen Rosenfield
LATAMST10,Intro Latin Am Stud,Tiffany L. Page
LATAMST150,Advanced Studies,Clara I. Nicholls
LATAMST150,Advanced Studies,Stephanie Ballenger
LATIN100,Republican Prose,Dylan Sailor
LATIN101,Vergil,Ellen S Oliensis
LDARCH12,Env Sci Sustainable,George M Kondolf
LDARCH101,Design Fundamentals,Jennifer Brooks
LDARCH103,Energy Fantasy Form,Charles H Sullivan
LDARCH110,Ecological Analysis,Iryna Dronova
LDARCH111,Plants In Design,Richard L. Hindle
LDARCH120,Topo Form & Design,Michael M Lamb
LDARCH120,Topo Form & Design,Kelley D. Lemon
LDARCH134A,Drawing Workshop 1,Tim Mollette-Parks
LDARCH134B,Drawing Workshop Ii,Carl William Kullmann
LDARCH135,Art Land Drawing,Charles H Sullivan
LDARCHC171,Amer Dsgn Land 1850,Louise A Mozingo
LDARCHC188,Geog Info System,John D Radke
LEGALST100,Foundations Legalst,Jonathan D. Marshall
LEGALST103,Theor Of Law & Soc,David Lieberman
LEGALST109,Aim/Limit Crim Law: Aims & Limits o,Richard W. Perry
LEGALST119,Phil & Law In Athns,Kinch Hoekstra
LEGALST140,Property & Liberty,Robert B. Brown
LEGALST145,Law & Economics I,Robert D Cooter
LEGALST161,Law/Chinese Society,Rachel E. Stern
LEGALST163,Juvenile Justice,Franklin Zimring
LEGALST170,Criminal Justice,Richard W. Perry
LEGALST184,Sociology Of Law,Catherine R Albiston
LEGALST198,Directed Group Stdy,Daniel J. Acland
LGBT20AC,Alternatv Sex Ident,Jacqueline Asher
LGBTC146A,Rep Sexuality/Lit,Jacqueline Asher
LINGUIS1A,American Sign Lang,Sherry L Hicks
LINGUIS1A,American Sign Lang,Sherry L Hicks
LINGUISR1B,Endangered Language,Andrew J Garrett
LINGUISR1B,Endangered Language,Andrew J Garrett
LINGUIS5,Lang & Linguistics,Larry M Hyman
LINGUIS51,Brain'S Politics,George P Lakoff
LINGUIS100,Intro Ling Sci,Susan S Lin
LINGUIS100,Intro Ling Sci,Line H.L. Mikkelsen
LINGUIS106,Metaphor,Eve E Sweetser
LINGUIS110,Phonets & Phonol,Keith A. Johnson
LINGUIS121,Logical Semantics,Line H.L. Mikkelsen
LINGUIS128,Ling Analys Of Lit,Eve E Sweetser
LINGUIS130,Comp Hist Ling,Andrew J Garrett
LINGUIS140,Intro Field Meths,Larry M Hyman
LINGUIS170,Particular Language,Richard A Rhodes
LS1,Liberal Arts: Exploring the Liberal Art,Alix L Schwartz
LSC5,Intro To Entrep,Ajay R Bam
LS10,On The Same Page,Alix L Schwartz
LS20E,Arts & Literature,Kathleen S Moran
LSC70U,General Astronomy,Alexei V Filippenko
MALAYI1A,Introd Indonesian,Ninik K Lunde
MALAYI1A,Introd Indonesian,Ninik K Lunde
MALAYI100A,Intermed Indonesian,Ninik K Lunde
MALAYI100A,Intermed Indonesian,Ninik K Lunde
MALAYI100A,Intermed Indonesian,Ninik K Lunde
MALAYI100A,Intermed Indonesian,Ninik K Lunde
MATH1A,Calculus,Alexander Paulin
MATH1A,Calculus,Alexander Paulin
MATH1A,Calculus,Sug Woo Shin
MATH1B,Calculus,Nicolai Y Reshetikhin
MATH1B,Calculus,Xinyi Yuan
MATH10A,Methods Of Math,Kenneth A Ribet
MATH10A,Methods Of Math,Richard H Bamler
MATH16B,Anal Geo & Calculus,Antonio Montalban
MATH53,Multivar Calculus,Edward Frenkel
MATH53,Multivar Calculus,Per-Olof Sigfrid Persson
MATH54,Lin Alg & Diff Eqns,Lin Lin
MATH54,Lin Alg & Diff Eqns,Ming Gu
MATH54,Lin Alg & Diff Eqns,Nikhil Srivastava
MATH55,Discrete Math,Zvezdelina E Stankova
MATHC103,Intro Math Economic,Haluk I. Ergin
MATH104,Intro To Analysis,Alexis Brice Emmanuel Bouthier
MATH104,Intro To Analysis,Hans Martin Kleemann
MATH104,Intro To Analysis,Hans Martin Kleemann
MATH110,Linear Algebra,Zvezdelina E Stankova
MATHH110,Hnrs Linear Algebra,Alexander B Givental
MATH113,Abstract Algebra,Alexander B Givental
MATH113,Abstract Algebra,Virginia C Harrison
MATH113,Abstract Algebra,Vivek V. Shende
MATH113,Abstract Algebra,Dan-Virgil Voiculescu
MATH113,Abstract Algebra,Alexis Brice Emmanuel Bouthier
MATH113,Abstract Algebra,Silvain Rideau
MATH121A,Math Tool Phys Sci,Hans Martin Kleemann
MATH123,Ord Diff Equations,Tyler Jon Helmuth
MATH125A,Math Logic,John Steel
MATH126,Intro Part Dif Equa,Jeffrey W Calder
MATH128A,Numerical Analysis,Olga V. Holtz
MATH130,Classical Geometrie,Hans Martin Kleemann
MATH143,Elem Alg Geom,Martin Helmer
MATH152,School Curriculum,Emiliano Gomez
MATH185,Complex Analysis,David Dynerman
MATH185,Complex Analysis,Ved Datar
MATH185,Complex Analysis,Khoa L Nguyen
MATH185,Complex Analysis,Hongbin Sun
MATSCI102,Bond Crys & Cry Def,Daryl C Chrzan
MATSCI113,Mech Behav Eng Mat,Robert O Ritchie
MATSCI117,Prop Dielect & Mag,Lane W. Martin
MATSCI120,Matls Prod,Matthew P Sherburne
MATSCI123,Semicon Proc,Jie Yao
MATSCI130,Exp Mat Sci Design,Christopher S Kumai
MATSCI136,Mat In Energy Tech,Kristin A. Persson
MCELLBI32,Intro Human Physiol,Robin W. Ball
MCELLBI32L,Int Human Phys Lab,Robin W. Ball
MCELLBI55,Plagues Pandemics,Russell E. Vance
MCELLBI55,Plagues Pandemics,P Robert Beatty
MCELLBIC96,Study Bio Sciences,John Matsui
MCELLBIC100A,Biophysical Chem,John Kuriyan
MCELLBIC100A,Biophysical Chem,David F Savage
MCELLBI102,Surv Biochem & Mobi,Mary C. Wildermuth
MCELLBI102,Surv Biochem & Mobi,Richard Calendar
MCELLBI102,Surv Biochem & Mobi,Michael R Botchan
MCELLBI104,Gen Genom Cell Bio,Craig T. Miller
MCELLBI104,Gen Genom Cell Bio,Xavier Jean-baptiste Darzacq
MCELLBI104,Gen Genom Cell Bio,Roberto Zoncu
MCELLBI110,General Biochem,James H Hurley
MCELLBI110,General Biochem,Kathleen Collins
MCELLBI110,General Biochem,Qiang Zhou
MCELLBIC110L,Biochem & Molbi,Isabelle Le Blanc
MCELLBIC110L,Biochem & Molbi,Andreas Martin
MCELLBIC112,Gen Microbiology,Kathleen R. Ryan
MCELLBIC116,Microbial Diversity,John D. Coates
MCELLBI118,Cancer Karyotype,Peter H Duesberg
MCELLBI132,Bio Of Human Cancer,Lin He
MCELLBI132,Bio Of Human Cancer,Kunxin Luo
MCELLBI132,Bio Of Human Cancer,David Bilder
MCELLBI133L,Cell Bio & Phy Lab,Dirk F. Hockemeyer
MCELLBI133L,Cell Bio & Phy Lab,Polina Lishko
MCELLBI133L,Cell Bio & Phy Lab,Gloria A Brar
MCELLBI135A,Molec Endocrin,Gary L Firestone
MCELLBI136,Physiology,Diana M. Bautista
MCELLBI136,Physiology,Polina Lishko
MCELLBI136,Physiology,Iswar Krishna Hariharan
MCELLBI140,General Genetics,Xavier Jean-baptiste Darzacq
MCELLBI140,General Genetics,Fyodor D Urnov
MCELLBI140,General Genetics,Daniel S Rokhsar
MCELLBI143,Molecular Evolution,Aimee Nicole King
MCELLBI150,Molecular Immunol,Astar Winoto
MCELLBI150,Molecular Immunol,Laurent Coscoy
MCELLBI150L,Immunology Lab,P Robert Beatty
MCELLBI150L,Immunology Lab,William C Sha
MCELLBI160,Cell &  Molec Neuro,Ehud Isacoff
MCELLBI160,Cell &  Molec Neuro,Helen Bateup
MCELLBI160,Cell &  Molec Neuro,John Ngai
MCELLBI163L,Mammal Neuro Lab,Henk Roelink
MCELLBI163L,Mammal Neuro Lab,Stephan Lammel
MCELLBI163L,Mammal Neuro Lab,Robin W. Ball
MCELLBI166,Biophysical Neurobi,Alan G. Miller
MCELLBI166,Biophysical Neurobi,Tamira M Elul
MECENG40,Thermodynamics,Michael Y Frenklach
MECENGC85,Intro Solid Mechncs,Tarek I Zohdi
MECENGC85,Intro Solid Mechncs,Shaofan Li
MECENG102B,Mechatronics Design,Liwei Lin
MECENG104,Engr Mechanics Ii,George C Johnson
MECENG106,Fluid Mechanics,Omer Savas
MECENG107,Mec Eng Laboratory,Lydia Lee Sohn
MECENG108,Mech Beh Eng Matris,Grace D O'connell
MECENG109,Heat Transfer,Christopher E Dames
MECENG130,Design Planar Mach,Kourosh Ken Youssefi
MECENG132,Dyn System/Feedback,Kameshwar Poolla
MECENG133,Mech Vibr,Fai Ma
MECENGC134,Feedback Cntrl Sys,Seth R Sanders
MECENG140,Comb Proc,CARLOS Fernandez-Pello
MECENG146,Enrgy Conv Princpls,Van P Carey
MECENG163,Engr Aerodynamics,Omer Savas
MECENG175,Intermed Dynamics,Oliver M O'Reilly
MECENGC176,Orthop Biomech,Tony M Keaveny
MECENG185,Intro Continum Mech,George C Johnson
MECENG191K,Prof Communication,Marcel Paul Kristel
MEDIAST10,Intro To Mediast,Josh Jackson
MEDIAST102,Effects Mass Media,Edward E Timke
MEDIAST104D,Privacy Digital Age,Geoffrey W King
MEDIAST130,Research Methods,Edward E Timke
MESTU102,Scope And Methods,Peter A. Bartu
MILSCI2,Found Of Officershp,Emma Cuevas
MILSCI100,Ind Ldrshp Studies,Stephen Suhr
MILSCI131,Applied Team Lead,Christopher L. Crager
MILSCI131,Applied Team Lead,Stephen Suhr
MILSCI141,Leadership & Mngmnt,Christopher L. Crager
MILSCI141,Leadership & Mngmnt,Stephen Suhr
MONGOLN1A,Elem Mongolian,Brian Baumann
MUSIC20A,Basic Musicianship,Matthew Hough
MUSIC20A,Basic Musicianship,Matthew Hough
MUSIC20A,Basic Musicianship,Matthew Hough
MUSIC20A,Basic Musicianship,Matthew Hough
MUSIC20A,Basic Musicianship,Matthew Hough
MUSIC20A,Basic Musicianship,Matthew Hough
MUSIC20B,Basic Musicianship,Matthew Hough
MUSIC25A,Music Theory,David Pereira
MUSIC25A,Music Theory,David Pereira
MUSIC27,Intro West Music,Mary Ann Smart
MUSIC52A,Musicianship I,Matthew Hough
MUSIC52A,Musicianship I,Michael S Orland
MUSIC52B,Musicianship Ii,Matthew Hough
MUSIC53A,Harmony I,David Pereira
MUSIC53A,Harmony I,Hans Martin Kleemann
MUSIC53B,Harmony Ii,David Pereira
MUSIC70,History Of Music I,James Davies
MUSIC98BC,Directed Group Stud,Ken Ueno
MUSIC98BC,Directed Group Stud,Ken Ueno
MUSIC109,Music Cognition,Jeanne Bamberger
MUSIC109M,Music Cognition,Jeanne Bamberger
MUSIC116A,Jazz Theory/Perf 1,Benjamin A Goldberg
MUSIC116AM,Jazz Theory/Perf 1,Benjamin A Goldberg
MUSIC137AC,Music Of Civ Right,Tamara C. Roberts
NATAMST20A,Intro To Nas,Diane J. Pearson
NATAMST72,Nat Am 1900-Present,Enrique E Lima
NATAMST100,Native Amer Law,Joseph A Myers
NATAMST105,Indig Issues Amer,Enrique E Lima
NATAMST175,Hist Nat Amer Calif,Jo Ellen Anderson
NAVSCI1,Intro To Naval Sci,William S Koyama
NAVSCI3,Lead Management I,Robert M Scott
NESTUDR1A,Read Comp Ne Stud,Carol A Redmount
NESTUDR1A,Read Comp Ne Stud,Shmaryahu Brownstein
NESTUDR1A,Read Comp Ne Stud,Carol A Redmount
NESTUD10,Intro Near East,John L Hayes
NESTUD18,Intro Ancient Egypt,Carol A Redmount
NESTUDC26,Intro Central Asia,Sanjyot Mehendale
NESTUD102A,Arch Anc Egypt,Jessica Kaiser
NESTUD144,Sufism,Hatem Ahmad Bazian
NESTUD155,1001 Nites Wrld Lit,Margaret Larkin
NESTUD190A,Special Topics Nes,Manuel Duarte De Oliveira
NESTUD190A,Special Topics Nes,Francesca Rochberg
NESTUD190A,Special Topics Nes,Daniel T. Fisher
NEUROSCC129,Aging Brain,William J. Jagust
NORWEGN1A,Beginning Norwegian,Karen Moller
NUCENG101,Nuclear Reactions,Lee A. Bernstein
NUCENG120,Nucl Mater,Peter Hosemann
NUCENG161,Nuclear Power Eng,Ralph E Berger
NUCENG180,Fusion Tech,Edward C Morse
NUSCTX10,Intro Human Nutr,Robert O. Ryan
NUSCTX10,Intro Human Nutr,Marc Hellerstein
NUSCTX103,Nutr Function Metab,Danica Chen
NUSCTX103,Nutr Function Metab,James Olzmann
NUSCTX108A,Intro App Food Sci,Kristen K. Rasmussen
NUSCTX110,Toxicology,Daniel K. Nomura
NUSCTX110,Toxicology,Jen Chywan Wang
NUSCTX161A,Med Nutr Therapy,Mary Nicole Lesser
NUSCTX161A,Med Nutr Therapy,Mikelle CG McCoin
NUSCTX166,Nutr In Community,Mary Nicole Lesser
NUSCTX190,Intro Res Nutrsci,Andreas Stahl
NUSCTX192,Jr Dietetics Sem,Mikelle CG McCoin
NWMEDIA190,Spec Top New Media: The Rhetoric o,David W Bates
NWMEDIA190,Spec Top New Media: Making Sense,Abigail T. De Kosnik
PACS10,Introd To Pacs,Darren C Zook
PACS100,Peace Theories,Karenjot Bhangoo Randhawa
PACS119,Special Topics,Manuela Travaglianti
PACS119,Special Topics,Tetsushi Ogata
PACS126,Interl Human Rights,Darren C Zook
PACS148AC,Social Movements,Sean Michael Burns
PACS150,Conflict Resolution,Karenjot Bhangoo Randhawa
PBHLTH104A,Health Promotion,Cathy J Kodama
PBHLTH116,Sem Hlth Med Issues,David Malcolm Potts
PBHLTH118,Nutr Developng Ctry,Lia Haskin Fernald
PBHLTHC129,Aging Brain,William J. Jagust
PBHLTH142,Intro Prob Stat,Steve Selvin
PBHLTH142,Intro Prob Stat,Maureen Lahiff
PBHLTH145,Contin Outcome Data,John M Marshall
PBHLTH150B,Intro Env Hlth Sci,Myron Asa Bradman
PBHLTH150B,Intro Env Hlth Sci,Charlotte Smith
PBHLTH150D,Intro Hlth Pol Mgt,Robin L Flagg
PBHLTHC155,Soc Of Hlth & Med,Laura Nathan
PBHLTH162A,Pub Hlth Microbiol,Gertrude C Buehring
PBHLTH181,Poverty/Population,David Malcolm Potts
PERSIAN102A,Class Persian Prose,Shahwali Ahmadi
PHILOS2,Ind Moral/Soc Just,Hans D Sluga
PHILOS3,Nature Of Mind,Robert Alva Noe
PHILOS12A,Intro To Logic,Seth Yalcin
PHILOS18,Confucius For Today,Kwong-loi Shun
PHILOS25A,Ancient Philosophy,Timothy Clarke
PHILOS100,Phil Methods,Daniel M Warren
PHILOS104,Ethical Theories,Nicholas G Kolodny
PHILOS115,Political Philos,Veronique Munoz-Darde
PHILOS125,Metaphysics,Geoffrey Lee
PHILOS136,Perception,Robert Alva Noe
PHILOS138,Phil Of Society,John R Searle
PHILOS155,Medieval Philosophy,Timothy D Crockett
PHILOS160,Plato,Klaus Corcilius
PHILOS176,Hume,Michael Martin
PHILOS178,Kant,Daniel M Warren
PHILOS190,Proseminar,Timothy D Crockett
PHYSED32,Fitness: Phs Ada/Ex,Sue Johannessen
PHYSED47B,Intermediate Scuba,James M. Hayward
PHYSEDC165,Intro Biomech Anal,M. Kathryn Scott
PLANTBI22,Intro To Microbes,N. Louise Glass
PLANTBIC96,Study Bio Sciences,John Matsui
PLANTBIC107L,Plant Morphol W Lab,Chelsea D. Specht
PLANTBIC110L,Biol Fungi With Lab,John W Taylor
PLANTBIC110L,Biol Fungi With Lab,Thomas Dickinson Bruns
PLANTBIC112,Gen Microbiology,Kathleen R. Ryan
PLANTBIC116,Microbial Diversity,John D. Coates
PLANTBI135,Physiol Biochem Pl,Anastasios Melis
PLANTBI135,Physiol Biochem Pl,Norman Terry
PLANTBI150,Plant Cell Biology,Sheng Luan
PLANTBI150,Plant Cell Biology,Peter H Quail
PLANTBI185,Tech Lt Microscopy,Steven E Ruzin
PLANTBIC192,Mol Prob Solving,Steven E Lindow
POLECON100,Theory Of Pol Econ,Alan L Karras
POLECON101,Contemp Theo Pol Ec,Khalid Kadir
POLECON160,Pe His Context,David Ilmar Lepasaar Beecher
POLECONC196A,Ucdc Core Seminar,Michael J Austin
POLISH25A,Intro Polish,Katarzyna Zacha
POLISH115A,Cont Polish,Katarzyna Zacha
POLSCI1,Intro American Pol,Robert P Van Houweling
POLSCI3,Empirical Analysis,Laura Stoker
POLSCI5,Intro To Intern Rel,Amy Gurowitz
POLSCI102,American Presidency,Terri L. Bimes
POLSCI106A,Camp Strat/Media,Daniel Schnur
POLSCI112B,Hist Pol Theory,Nathan Pippenger
POLSCI114A,Thry Gov: Late 20c,Mark Bevir
POLSCI123H,Topics Intntl Rel,Ron E Hassner
POLSCI123I,Civ Con & Intl Intr,Aila Matanock
POLSCI124M,Sci Stdy Of Intl Co,Michaela Mattes
POLSCI139B,Development Politic,Kiren Aziz Chaudhry
POLSCI139D,Urban Sub Nati Poli,Alison Elizabeth Post
POLSCI143A,Politics Ne Asia,Lowell Dittmer
POLSCI143B,Japanese Politics,Steven K Vogel
POLSCI144,Amer Pol Twrd Asia,T J Pempel
POLSCI149E,Topics In Area Stdy,Darren C Zook
POLSCI166,Latinos Us Politica,Rodney E. Hero
POLSCI171,California Politics,Edward T. Lempert
POLSCI181,Pub Organ Admin,Christopher K Ansell
POLSCI191,Junior Seminar,Helene Silverberg
POLSCIC196A,Ucdc Core Seminar,Michael J Austin
PORTUG101A,Portug For Adv Stdy,Clelia F Donovan
PORTUG101A,Portug For Adv Stdy,Clelia F Donovan
PORTUG101A,Portug For Adv Stdy,Clelia F Donovan
PORTUG102,Readings In Portug,Clelia F Donovan
PORTUG103,Adv Gram And Comp,Clelia F Donovan
PORTUG128,20th Cent Braz Lit,Candace Slater
PORTUG135,Luso-Brazilian Lit,Duarte Manuel Carvalho Pinheiro
PSYCHC120,Issues In Cognition,Tania Lombrozo
PSYCH121,Animal Cognition,Lucia Jacobs
PSYCHC127,Cognitive Neurosci,Richard Ivry
PSYCH130,Clinical Psychology,Sonia Bishop
PSYCH131,Dev Psychopathology,Qing Zhou
PSYCH134,Health Psychology,Aaron Fisher
PSYCH135,Treating Mental Ill,Allison G Harvey
PSYCH140,Development Psych,Fei Xu
PSYCH150,Personality Psych,Oliver P John
PSYCH160,Social Psychology,Serena Chen
PUBPOL101,Intro Pub Pol Anal,Steven P Raphael
PUBPOLC142,Appl Metric/Pub Pol,David E Card
PUBPOL190,Spec Topics Pub Pol,Rucker Charles Johnson
PUBPOL190,Spec Topics Pub Pol,Hans Martin Kleemann
PUBPOL190,Spec Topics Pub Pol,Alexander Michael Gelber
PUNJABI1A,Introd Punjabi,Upkar Kaur Ubhi
PUNJABI100A,Intermed Punjabi,Upkar Kaur Ubhi
RHETORR1A,Craft Of Writing,Michael James Mascuch
RHETORR1A,Craft Of Writing,Michael James Mascuch
RHETORR1A,Craft Of Writing,Michael James Mascuch
RHETORR1B,Craft Of Writing,Michael James Mascuch
RHETORR1B,Craft Of Writing,Michael James Mascuch
RHETORR1B,Craft Of Writing,Michael James Mascuch
RHETORR1B,Craft Of Writing,Michael James Mascuch
RHETORR1B,Craft Of Writing,Michael James Mascuch
RHETOR10,Reason And Argument,Nasser Zakariya
RHETOR114,New Media,David W Bates
RHETOR118,Undergrad Seminar: Reading & Inter,Felipe R Gutterriez
RHETOR123,Rhet Of Perform,Winnie Won Yin Wong
RHETOR131T,Genre In Film & Lit,Eileen M. Jones
RHETOR136,Art And Authorship,Winnie Won Yin Wong
RHETOR139,Visual Witnessing,Michael James Mascuch
RHETOR150,Comtem Politics,Aaron Michael Wintroub
RHETOR152AC,Race/New Republic,Nadesan Permaul
RHETOR155,Colonialism/Postco,Pheng Cheah
RHETOR159B,Pol/Legal Theory,Nancy A Weston
RHETOR160,Intro - Legal Disc,Felipe R Gutterriez
RHETOR164,Legal Theory,Samera Esmeir
RHETOR189,Special Topics,Marianne Constable
RUSSIAN1,Elementary Russian,Lisa C Little
RUSSIAN1,Elementary Russian,Lisa C Little
RUSSIAN2,Elementary Russian,Lisa C Little
RUSSIAN3,Intermed Russian,Lisa C Little
RUSSIAN4,Intermed Russian,Lisa C Little
RUSSIAN6A,Intro Russ Herit Sp,Anna Muza
RUSSIAN103A,Advanced Russian,Anna Muza
RUSSIAN120A,Adv Russ Conv/Comm,Lisa C Little
SANSKR100A,Elem Sanskrit,Sally J Goldman
SANSKR101A,Intermed Sanskrit: Epic Sanskrit,Sally J Goldman
SASIAN1A,Civ Early India,Alexander Von Rospatt
SASIANC114,Tibetan Buddhism,Jann M Ronis
SASIAN128,Rel Mvmts Mod India,Vasudha Paramasivan
SASIAN140,Hindu Mythology,Robert P Goldman
SCANDIN75,Nordic Lit Culture,Linda H Rugg
SCANDIN100A,Scandinavian Langs,Karen Moller
SCANDIN101A,Intro Old Norse,Jonas Wellendorf
SCANDIN115,Drama And Film,Mark B Sandberg
SCANDIN123,Viking/Mediev Scand,Jonas Wellendorf
SCANDIN125,Old Norse Lit,Katherine Sarah Heslop
SEASIAN10A,Intrd Civ Se Asia,Penelope S. C. Edwards
SEASIAN130,Articul Female Indo,Sylvia C Tiwon
SEMITIC100A,Aramaic,John L Hayes
SLAVIC45,19th Cent Russ Lit,Harsha Ram
SLAVIC131,20th C Russia,Harsha Ram
SLAVIC134D,Tolstoy,Irina Paperno
SLAVIC134E,Chekhov,Anna Muza
SLAVIC134F,Nabokov,Eric Naiman
SLAVIC147B,Balkan Folklore,Ronelle Alexander
SOCIOL1,Intro To Sociology,Raka Ray
SOCIOL3AC,Prin Soc: Am Cultur,Mary E Kelsey
SOCIOL5,Eval Of Evidence,Heather A. Haveman
SOCIOL101,Soc Theory I,Dylan J. Riley
SOCIOL103,Adv Soc Theory,Michael B Burawoy
SOCIOL110,Org & Soc Institut,Linus B. Huang
SOCIOL111AC,Socio Of The Family,Joanna M. Reed
SOCIOL113,Education,Samuel R Lucas
SOCIOL120,Econ And Society,Neil D Fligstein
SOCIOL121,Soc Of Entrepreneur,Szonja Ivester
SOCIOL124,Sociol Of Poverty,Martin L Sanchez-Jankowski
SOCIOL127,Develop & Globaliza,Tiffany L. Page
SOCIOL130AC,Soc Inequal:Am Cult,Joanna M. Reed
SOCIOL131AC,Race/Eth Rel:Am Cul,Andrew L Barlow
SOCIOL135,Sexual Cultures,Jill A. Bakehorn
SOCIOL150,Social Psych,Brian A Powers
SOCIOL160,Sociol Of Culture,Jill A. Bakehorn
SOCIOL166,Society & Technolog,Linus B. Huang
SOCIOLC167,Virtul Comm/Soc Med,Edwin K Lin
SOCIOL169,Sel Top: Soc Cult,Edwin K Lin
SOCIOL179,Sel Top In Area Stu,John Lie
SOCIOL180I,Comp Persp:Inequal,Szonja Ivester
SOCIOL180P,Comp Pers: Pol Econ,Christoph Hermann
SOCIOL189G,Soc Global Elite,Szonja Ivester
SOCWEL114,Practice In Soc Wk,Hans Martin Kleemann
SOCWEL116,Current Topics: LGBT Soc Work,Amanda E. Reiman
SPANISHR1A,Span Speak World,Ignacio E Navarrete
SPANISH21,Elem Span Bilingual,Miriam Hernandez-rodriguez
SPANISH22,Interm Sp Bilingual,Miriam Hernandez-rodriguez
SPANISH25,Read And Analysis,Francine R Masiello
SPANISH25,Read And Analysis,Francine R Masiello
SPANISH25,Read And Analysis,Francine R Masiello
SPANISH25,Read And Analysis,Francine R Masiello
SPANISH25,Read And Analysis,Francine R Masiello
SPANISH100,Spanish Linguistics,Justin Davidson
SPANISH102A,Adv Gram And Comp,Victoria Martinez Robertson
SPANISH102A,Adv Gram And Comp,Amelia R Barili
SPANISH104A,Survey Span Am Lit,Ivonne Del Valle
SPANISH107A,Survey Span Lit,Emilie L Bergmann
SPANISH135,Hispanic Literature,Natalia Brizuela
SPANISH135,Hispanic Literature,Ivonne Del Valle
SPANISH135,Hispanic Literature,Emilie L Bergmann
SPANISH135,Hispanic Literature,Michael Iarocci
SPANISH135W,Writing Intensive,Natalia Brizuela
SPANISH161,Sp Phonet & Phonol,Justin Davidson
STAT2,Intro To Stat,Fletcher H Ibser
STAT20,Intro Prob Stat Cal,Adam R. Lucas
STAT20,Intro Prob Stat Cal,Shobhana Murali Stoyanov
STAT21,Intro Prob Stat Bus,Shobhana Murali Stoyanov
STAT131A,Prob Stat Life Sci,Adam R. Lucas
STAT133,Computing Data,Deborah A Nolan
STAT133,Computing Data,Gaston Sanchez Trujillo
STAT134,Concepts Of Prob,Nike Sun
STAT134,Concepts Of Prob,Hermann Helmut Pitters
STAT135,Concepts Of Stat,Shobhana Murali Stoyanov
STAT135,Concepts Of Stat,Noureddine El Karoui
STAT151A,Linear Modelling,Adityanand Guntuboyina
STAT153,Intro Time Series,Joan Bruna Estrach
STAT153,Intro Time Series,David R Brillinger
STAT154,Stat Predict Mach/L,Nusrat Rabbee
STAT155,Game Theory,Peter Leslie Bartlett
STAT159,Repro Collab Datsci,Gaston Sanchez Trujillo
SWEDISH1A,Beginning Swedish,Karen Moller
TAMIL1A,Introd Tamil,Bharathy Sankara Rajulu
TAMIL101A,Readings In Tamil,Bharathy Sankara Rajulu
TELUGU1A,Elem Telugu,Bharathy Sankara Rajulu
THAI1A,Introductory Thai,Supatra Chowchuvech
THAI100A,Intermediate Thai,Supatra Chowchuvech
THEATERR1A,Performce & Writing,Susan Kwan
THEATERR1A,Performce & Writing,Susan Kwan
THEATERR1A,Performce & Writing,Susan Kwan
THEATERR1A,Performce & Writing,Susan Kwan
THEATERR1A,Performce & Writing,Susan Kwan
THEATERR1A,Performce & Writing,Stephanie A. Sherman
THEATERR1A,Performce & Writing,Susan Kwan
THEATERR1A,Performce & Writing,Susan Kwan
THEATERR1B,Performce & Writing,Lindsey Michelle Summers
THEATERR1B,Performce & Writing,Lindsey Michelle Summers
THEATERR1B,Performce & Writing,Sima V. Belmar
THEATER26,Intro/Perform Stdy,Angela Marino
THEATER52AC,Dance In Am Culture,Susan Kwan
THEATER60,Intro Tech Theater,Laxmi Kumaran
THEATER119,Performance Theory,Shannon Steen
THEATER121,Performance/Culture,Jenefer Lee Johnson
THEATER126,Perform Literatures,Brandi N. Catanese
THEATER139A,Playwriting Fndmls,Philip K. Gotanda
THEATER144,Sources Of Movement,Katharine Henderson Faulkner
THEATER162,Stage Direct,Peter Glazer
THEATER166,Special Topics: Undergraduate Rese,Jenefer Lee Johnson
THEATER172,Adv Production Stdy,Laxmi Kumaran
THEATER175A,Lighting Design,John Rice Carpenter
TIBETAN1A,Elementary Tibetan,Jann M Ronis
TIBETANC114,Tibetan Buddhism,Jann M Ronis
TURKISH1A,Elem Modern Turkish,Jason Christopher Vivrette
TURKISH100A,Interm Mod Turkish,Jason Christopher Vivrette
TURKISH101A,Reading Modern Turk,Jason Christopher Vivrette
UGBAC5,Intro To Entrep,Ajay R Bam
UGBA10,Principles Of Bus,Cristina G Banks
UGBA10,Principles Of Bus,John Briginshaw
UGBA10,Principles Of Bus,Omar Romero-hernandez
UGBA10,Principles Of Bus,Judy Hopelain
UGBA39AC,Philanthropy,Colin P. Lacon
UGBA39AC,Philanthropy,Karina Moreno
UGBA100,Business Comm,Daniel A Himelstein
UGBA100,Business Comm,Evan L Elliot
UGBA100,Business Comm,Krystal Jalene Thomas
UGBA100,Business Comm,Arturo Perez-Reyes
UGBA100,Business Comm,Arturo Perez-Reyes
UGBA100,Business Comm,Krystal Jalene Thomas
UGBA101A,Microeconomic Analy,Todd Fitch
UGBA101A,Microeconomic Analy,Todd Fitch
UGBA101B,Macroeconomics,Steven A Wood
UGBA102A,Intro Fin Account,Francis V Stanton
UGBA102A,Intro Fin Account,Francis V Stanton
UGBA102A,Intro Fin Account,Tiffany Rasmussen
UGBA102B,Intro Manager Acct,John Briginshaw
UGBA103,Intro To Finance,Dmitry Livdan
UGBA103,Intro To Finance,Dmitry Livdan
UGBA104,Sprdsheetmodeling,Andrew W Shogan
UGBA104,Sprdsheetmodeling,Thomas Y Lee
UGBA105,Leading People,Dana R. Carney
UGBA106,Marketing,Wasim Azhar
UGBA107,Soc & Pol Eth Env,Alan D Ross
UGBA115,Competitivestrategy,Frank Carl Schultz
UGBA118,International Trade,Steven A Wood
UGBA120AA,Int Fin Acct 1,Alastair N Lawrence
UGBA120AA,Int Fin Acct 1,Alastair N Lawrence
UGBA120B,Adv Fin Accounting,Francis V Stanton
UGBA121,Fed Inc Tax Acctg,Alan R Cerf
UGBA122,Fin Info Analysis,Patricia M. Dechow
UGBA126,Auditing,Tiffany Rasmussen
UGBA127,Spec Topics In Acct,John J Mccauley
UGBA127,Spec Topics In Acct,Tiffany Rasmussen
UGBA131,Corp Fin Analysis,Stephen W Etter
UGBA133,Investments,Samuel J. Olesky
UGBA151,Mgmt Human Resourcs,Cristina G Banks
UGBA152,Negotiation,Holly A Schroth
UGBA152,Negotiation,Holly A Schroth
UGBA154,Power & Politic,Edward Kass
UGBA155,Leadership,Daniel G Mulhern
UGBA161,Marketing Research,Ming Hsu
UGBA162A,Product Branding,Krystal Jalene Thomas
UGBA165,Advertise Strategy,William Fanning
UGBA167,Spec Topics In Mkt,David OWEN Robinson
UGBA175,Legal Aspects,Alan D Ross
UGBA176,Media Consulting Pr,Diane Dwyer
UGBA178,Intro Internatl Bus,Daniel A Himelstein
UGBA179,Intl Consulting Sme,Daniel A Himelstein
UGBA180,Intro Real Estate,David L. Nelson
UGBA190T,Topics Innov/Design,Clark Kellogg
UGBA190T,Topics Innov/Design,Michael Barry
UGBA190T,Topics Innov/Design,Sara L Beckman
UGBA190T,Topics Innov/Design,Sara L Beckman
UGBA190T,Topics Innov/Design,Sara L Beckman
UGBA190T,Topics Innov/Design,Valerie A. Peck
UGBA190T,Topics Innov/Design,Jon Metzler
UGBA191C,Comm For Leaders,Ericka Lutz
UGBA191I,Improvisational Lea,Or Brafman
UGBA191I,Improvisational Lea,Cort A. Worthington
UGBA192N,Topics In Nonprofit,Joseph Dougherty
UGBA192P,Sust Bus Consulting,Michael Kobori
UGBA194,Colloq Bus Topics,William Shireman
UGBA195P,Perspect Entrepren,Peter W Molloy
UGBA195T,Topics In Ent,Robin Chandra
UGBA196,Spec Topics Bus Adm,Fred Selinger
UGBA196,Spec Topics Bus Adm,Fred Selinger
UGBA196,Spec Topics Bus Adm,Solomon B. Fulp
UGBA196,Spec Topics Bus Adm,Ericka Lutz
UGIS110,Intro To Disability,Marsha Saxton
UGIS120,Applied Lang Study,Richard Kern
UGIS187,Project-Based Instr,Mark A Spencer
VIETNMS1A,Intro Vietnamese,Hanh Tran
VIETNMS1A,Intro Vietnamese,Hanh Tran
VIETNMS100A,Intermed Viet,Hanh Tran
VIETNMS101A,Advanced Vietnamese,Cam N Nguyen
VISSTD185X,Word And Image,Anthony O Dubovsky
YIDDISH101,Elementary Yiddish,Yael Chaver
YIDDISH103,Readings In Yiddish,Yael Chaver
